{"_runtime":97,"test/f1":0.8608257052120306,"total_flos":5.042997931008e+12,"train_runtime":19.2492,"train_samples_per_second":10.962,"test/samples_per_second":31.759,"train_steps_per_second":0.727,"train_loss":0.44046149935041157,"test/steps_per_second":2.397,"test/recall":0.9056603773584906,"test/loss":0.35339057445526123,"_timestamp":1.754114708344646e+09,"train/epoch":1,"_wandb":{"runtime":97},"test/accuracy":0.9056603773584906,"train/global_step":14,"test/runtime":1.6688,"_step":5,"test/precision":0.8202207191171236}